cluster,product_name,blog_post
0,AmazonBasics AAA Performance Alkaline Batteries (36 Count),"## Product Overview

The AmazonBasics AAA Performance Alkaline Batteries (36 Count) from the Power and Connectivity Accessories category is known for its unique features and reliable performance. It is designed to offer long-lasting power and durability. This product is suitable for everyday use and has become a popular choice among consumers.

The AmazonABA Performance Alksaline Battery is a rechargeable battery that is designed for use in a wide range of applications. It can be used in a variety of applications including:

Power management

Battery management
.
. Power management is the process of charging and discharging the battery. It consists of a series of steps, each of which is connected to a different battery. The battery is charged by

## Key Features

What are the key features of AmazonBasics AAA Performance Alkaline Batteries (36 Count)? Describe its performance, durability, and design. Compare it to similar products and highlight any standout features.

AmazonBasic AAA Battery Life
. The Amazon Basic AA Battery is rated at 60 hours of continuous use. It is also rated for up to 3 hours on standby. This is a great battery for those who are looking for a quick and easy way to charge their batteries.

## Pros

- great
- good
- other
- long
- nice
- expensive
- better
- big
- excellent
- cheap

## Cons

- a bad batch
- the problem
- a problem
- very poor battery life
- very poor quality
- bad reviews
- poor quality
- bad quality
- bad batch
- the same problem

## Conclusion

In conclusion, the AmazonBasics AAA Performance Alkaline Batteries (36 Count) offers excellent great and good, but keep in mind that it has some drawbacks such as a bad batch."
4,AmazonBasics Nylon CD/DVD Binder (400 Capacity),"## Product Overview

The AmazonBasics Nylon CD/DVD Binder (400 Capacity) from the Carrying and Storage Accessories category is known for its unique features and reliable performance. It is designed to offer long-lasting power and durability. This product is suitable for everyday use and has become a popular choice among consumers.

The Amazon Basics Nylons are a high-performance, durable, and durable product that is suitable to carry and store your electronics. They are also a great choice for storing your electronics in a safe and secure environment.
.
,

.

## Key Features

What are the key features of AmazonBasics Nylon CD/DVD Binder (400 Capacity)? Describe its performance, durability, and design. Compare it to similar products and highlight any standout features.

AmazonBasICS Nylons are a great way to get started with Amazon's N-Series. They are designed to be used with a variety of products, including:
...
,.,. and. a.

## Pros

- great
- good
- other
- long
- nice
- expensive
- better
- big
- excellent
- cheap

## Cons

- a bad batch
- the problem
- a problem
- very poor battery life
- very poor quality
- bad reviews
- poor quality
- bad quality
- bad batch
- the same problem

## Conclusion

In conclusion, the AmazonBasics Nylon CD/DVD Binder (400 Capacity) offers excellent great and good, but keep in mind that it has some drawbacks such as a bad batch."
1,Amazon Echo ‚Äì White,"## Product Overview

The Amazon Echo ‚Äì White from the Amazon Devices and Media Equipment category is known for its unique features and reliable performance. It is designed to offer long-lasting power and durability. This product is suitable for everyday use and has become a popular choice among consumers.

The Amazon Alexa is a smart speaker that can be used to communicate with your home and work. It can be connected to your home network, and can be configured to communicate directly with your computer. It also has a built-in microphone that can record audio and video.
.
,

.

## Key Features

What are the key features of Amazon Echo ‚Äì White? Describe its performance, durability, and design. Compare it to similar products and highlight any standout features.

What is the Amazon Alexa?
...
, the most popular voice-activated speaker in the world. It's a smart, intelligent, voice assistant that can be used to communicate with you, your friends, or even your family. The Alexa is a voice control system that allows you to control

## Pros

- great
- good
- other
- long
- nice
- expensive
- better
- big
- excellent
- cheap

## Cons

- a bad batch
- the problem
- a problem
- very poor battery life
- very poor quality
- bad reviews
- poor quality
- bad quality
- bad batch
- the same problem

## Conclusion

In conclusion, the Amazon Echo ‚Äì White offers excellent great and good, but keep in mind that it has some drawbacks such as a bad batch."
5,Echo Spot Pair Kit (Black),"## Product Overview

The Echo Spot Pair Kit (Black) from the Audio Equipment and Accessories category is known for its unique features and reliable performance. It is designed to offer long-lasting power and durability. This product is suitable for everyday use and has become a popular choice among consumers.

The Echo Dot is a compact, compact, and compact speaker that is ideal for use in a studio or studio environment. It has a wide range of features that make it a great choice for use with a wide variety of speakers. The Echo Dot features a wide array of features to make it an ideal choice for any studio or home theater setup.
.
,

.

## Key Features

What are the key features of Echo Spot Pair Kit (Black)? Describe its performance, durability, and design. Compare it to similar products and highlight any standout features.

What is the Echo Dot?
...
 (click to enlarge)
,.,. ( click to expand). (.. )
:.


The Echo is a smart speaker that can be used to communicate with your phone. It's a great speaker for people who want to talk to their

## Pros

- great
- good
- other
- long
- nice
- expensive
- better
- big
- excellent
- cheap

## Cons

- a bad batch
- the problem
- a problem
- very poor battery life
- very poor quality
- bad reviews
- poor quality
- bad quality
- bad batch
- the same problem

## Conclusion

In conclusion, the Echo Spot Pair Kit (Black) offers excellent great and good, but keep in mind that it has some drawbacks such as a bad batch."
3,Amazon Tap Smart Assistant Alexaenabled (black) Brand New,"## Product Overview

The Amazon Tap Smart Assistant Alexaenabled (black) Brand New from the Home and Office Products category is known for its unique features and reliable performance. It is designed to offer long-lasting power and durability. This product is suitable for everyday use and has become a popular choice among consumers.

The Amazon Alexa is a smart assistant that can be used to communicate with your home and office. It can be programmed to respond to your voice commands and to respond quickly to your calls. It also can be configured to respond automatically to your home's voice commands.
.
 (black), (white), (red), (green), (blue), (magenta), (yellow), (orange), (purple), (pink), (silver),

## Key Features

What are the key features of Amazon Tap Smart Assistant Alexaenabled (black) Brand New? Describe its performance, durability, and design. Compare it to similar products and highlight any standout features.

What is Amazon's Alexa?
...
 (click to enlarge)
,., and. ( click to expand) Amazon is a leader in the world of smart home automation. It's the leading provider of home security, home appliances, smart appliances and smart devices. Amazon has

## Pros

- great
- good
- other
- long
- nice
- expensive
- better
- big
- excellent
- cheap

## Cons

- a bad batch
- the problem
- a problem
- very poor battery life
- very poor quality
- bad reviews
- poor quality
- bad quality
- bad batch
- the same problem

## Conclusion

In conclusion, the Amazon Tap Smart Assistant Alexaenabled (black) Brand New offers excellent great and good, but keep in mind that it has some drawbacks such as a bad batch."
2,AmazonBasics Bluetooth Keyboard for Android Devices - Black,"## Product Overview

The AmazonBasics Bluetooth Keyboard for Android Devices - Black from the Computing and Mobile Devices category is known for its unique features and reliable performance. It is designed to offer long-lasting power and durability. This product is suitable for everyday use and has become a popular choice among consumers.

The AmazonBios Keyboard for iOS - Black is a Bluetooth keyboard that is designed for use with the Apple iPhone. It has a unique design that allows you to use it with the iPhone without any need for a keyboard.
.
,

.

## Key Features

What are the key features of AmazonBasics Bluetooth Keyboard for Android Devices - Black? Describe its performance, durability, and design. Compare it to similar products and highlight any standout features.

What is the difference between AmazonBass and AmazonBluetooth Keyboard?
...
, AmazonBattery.com, ""AmazonBattery""
 (AmazonBasic)
:
- Amazon Battery. com,
 ""amazonBattery.""
 - Amazon Bluetooth.


AmazonBasses are

## Pros

- great
- good
- other
- long
- nice
- expensive
- better
- big
- excellent
- cheap

## Cons

- a bad batch
- the problem
- a problem
- very poor battery life
- very poor quality
- bad reviews
- poor quality
- bad quality
- bad batch
- the same problem

## Conclusion

In conclusion, the AmazonBasics Bluetooth Keyboard for Android Devices - Black offers excellent great and good, but keep in mind that it has some drawbacks such as a bad batch."
